{
	"display": {
		"icon": {
			"item": "minecraft:emerald"
		},
		"title": "Wandering Trades         ",
		"description": ["",
			{"text":"Добавляет новые предложения для странствующего торговца.\n","color":"gold"},
			{"text":"Версия только с блоками","color":"yellow"}
		],
		"show_toast": false,
		"announce_to_chat": false
	},
    "parent": "vanillatweaks:root",
	"criteria": {
		"tick": {
			"trigger": "minecraft:tick"
		}
	}
}
